Workbook

Sheet Инструкции
A1: МИС — инструмент за риска (инвентаризация, оценка на риска, план за третиране)
A3: Ред на попълване: 1) Регистър на активите → 2) Регистър на риска → 3) План за третиране.
A5: Цветове:
A6: • Жълтите клетки ги попълваш ти.
A7: • Сивите се изчисляват автоматично — НЕ ги пипай (Риск, Ниво, Приемлив, Остатъчен риск, Първонач. риск в плана).
A8: • Редовете с „◄ ПРИМЕР“ в "Забележка" са образци — изтрий целите редове, преди да качиш в git
A10: Правила, които се проверяват:
A11: • Собственикът на актив е ДЛЪЖНОСТ, не име на човек.
A12: • Въздействието е НАЙ-ВИСОКОТО от четирите измерения (работа, данни, финанси/право, репутация), не средното. Виж лист „Скали“.
A13: • Риск апетитът е ЧИСЛО (лист „Скали“, клетка B1, по подразбиране 9). Можеш да го смениш, но с обосновка за сектора на фирмата.
A14: • Всеки риск сочи конкретен A-ID и има едновременно заплаха И уязвимост. „Хакерска атака“ не е риск.
A15: • Стойностите трябва да имат дистрибуция — ако всичко е 5 или всичко е 1, не е оценявано.
... A22: Минимум за предаване: ≥12 актива, ≥12 оценени риска, план за третиране на всички неприемливи рискове.

Sheet Скали
A1: РИСК АПЕТИТ (число, по подразбиране 9 — сменя се с обосновка): | B1: 9
A2: Всичко с риск НАД тази стойност е неприемливо и влиза в План за третиране.
A4: СКАЛА ЗА ВЕРОЯТНОСТ (1–5, по честота)
A5: 1 Много ниска | B5: по-рядко от веднъж на 10 години, теоретично
A6: 2 Ниска | B6: веднъж на няколко години в сектора
A7: 3 Средна | B7: веднъж на няколко години в подобна организация
A8: 4 Висока | B8: очаква се при текущата защита, поне веднъж годишно
A9: 5 Много висока | B9: вече се случва или опити постоянно
A11: СКАЛА ЗА ВЪЗДЕЙСТВИЕ (1–5) — взима се НАЙ-ВИСОКОТО от 4-те измерения
A12: Ниво | B12: Работа на услугата | C12: Данни | D12: Финанси и право | E12: Репутация
A13: 1 Нищожно | B13: без забележимо прекъсване | C13: без загуба/разкриване | D13: пренебрежими разходи | E13: без отзвук
A14: 2 Малко | B14: прекъсване до половин ден за част | C14: възстановимо от архив | D14: в рамките на бюджета | E14: отделни оплаквания
A15: 3 Средно | B15: до един ден на основна услуга | C15: загуба до RPO/вътрешна инфо | D15: неустойки, извънредни разходи | E15: локална публичност
A16: 4 Голямо | B16: над ден или всички потребители | C16: лични/поверителни данни | D16: надзорен орган, санкции | E16: национална публичност
A17: 5 Критично | B17: спиране, живот и здраве, КИ | C17: масово/невъзстановимо | D17: лиценз, наказателна отг. | E17: трайна загуба на доверие
A19: НИВА НА РИСК (вероятност × въздействие)
A20: Ниво | B20: Стойност | C20: Цвят | D20: Срок за третиране
A21: Нисък | B21: 1–4 | D21: приема се / наблюдава се
A22: Умерен | B22: 5–9 | D22: наблюдава се
A23: Висок | B23: 10–15 | D23: третира се до 90 дни
A24: Критичен | B24: 16–25 | D24: третира се до 30 дни, временна мярка до 7 дни
A26: ВАРИАНТИ ЗА ТРЕТИРАНЕ
A27: Намаляване | B27: контрол, който сваля вероятността или въздействието
A28: Прехвърляне | B28: застраховка или договорна клауза; какво остава непрехвърлено
A29: Избягване | B29: спиране на дейността, която носи риска
A30: Приемане | B30: рискът е под апетита или третирането струва повече от щетата; кой приема, с длъжност и дата

Sheet Регистър на активите
A1: A-ID | B1: Наименование | C1: Тип | D1: Собственик (длъжност) | E1: Оператор | F1: Класификация | G1: Локация | H1: Зависимости | I1: Забележка
A2: A-01 | B2: MQTT брокер (Mosquitto, 8883/MQTTS) | C2: услуга | D2: Ръководител ИТ | E2: Системен администратор | F2: поверителна | G2: Ямбол HQ, LAN-HQ 10.240.0.10 | H2: A-04, A-13
A3: A-02 | B3: Публичен dashboard за граждани (443) | C3: софтуер | D3: Ръководител ИТ | E3: Системен администратор | F3: публична | G3: Ямбол HQ, DMZ 10.240.0.20 | H3: A-04, A-12
A4: A-03 | B4: Управленски dashboard за общински оператори | C4: софтуер | D4: Ръководител ИТ | E4: Системен администратор | F4: поверителна | G4: Ямбол HQ, зад прокси | H4: А-01, A-04, A-09
A5: A-04 | B5: Firewall / gateway gw (nftables) | C5: мрежа | D5: Ръководител ИТ | E5: Системен администратор | F5: поверителна | G5: Ямбол HQ 10.240.0.1 | H5: —
A6: A-05 | B6: IoT VLAN „Умно осветление“ | C6: мрежа | D6: Ръководител ИТ | E6: Системен администратор | F6: вътрешна | G6: Елхово 10.241.0.0/22; Тополовград 10.242.0.0/22 | H6: A-01, А-04
A7: A-06 | B7: IoT VLAN „Трафик светофари“ | C7: мрежа | D7: Ръководител ИТ | E7: Системен администратор | F7: поверителна | G7: Елхово 10.241.0.0/22; Тополовград 10.242.0.0/22 | H7: А-01, A-04
A8: A-07 | B8: IoT VLAN „Отпадъчни контейнери“ | C8: мрежа | D8: Ръководител ИТ | E8: Системен администратор | F8: вътрешна | G8: Елхово 10.241.0.0/22; Тополовград 10.242.0.0/22 | H8: А-01, A-04
A9: A-08 | B9: IoT устройства (лампи, светофарни контролери, сензори на контейнери) | C9: хардуер | D9: Ръководител ИТ | E9: Общински оператор | F9: вътрешна | G9: Елхово и Тополовград (IoT VLAN-и) | H9: A-01, A-05, A-06, A-07
A10: A-09 | B10: Идентичност и роли (Keycloak) | C10: услуга | D10: Ръководител ИТ | E10: Системен администратор | F10: строго поверителна | G10: srv, Ямбол HQ | H10: A-04
A11: A-10 | B11: Мониторинг (Wazuh) | C11: услуга | D11: Ръководител ИТ | E11: Системен администратор | F11: поверителна | G11: mon, Ямбол HQ | H11: A-01, A-02, A-04
A12: A-11 | B12: Конфигурационни команди и настройки на устройствата | C12: информация | D12: Ръководител ИТ | E12: Общински оператор | F12: строго поверителна | G12: Ямбол HQ | H12: A-01, A-03
A13: A-12 | B13: Телеметрия и градски данни (трафик, осветление, контейнери) | C13: информация | D13: Ръководител ИТ | E13: Системен администратор | F13: вътрешна | G13: Ямбол HQ | H13: A-01, A-08
... A18: A-17 | B18: AI асистент за анализ на градски данни | C18: софтуер | D18: Ръководител ИТ | E18: Системен администратор | F18: вътрешна | G18: Ямбол HQ | H18: A-12

Sheet Регистър на риска
A1: R-ID | B1: A-ID | C1: Заплаха ( MITTRE ATT&CK техника) | D1: Уязвимост | E1: Сценарий (изречение) | F1: Съществуващи контроли | G1: P | H1: I | I1: Риск | J1: Ниво | K1: Приемлив | L1: Третиране | M1: Отговорник (длъжност) | N1: Срок | O1: Час | P1: Остат. P | Q1: Остат. I | R1: Остат. риск | S1: Доказателство
A2: R-01 | B2: A-01 (MQTT брокер) | C2: Външен нападател T1078 (Valid Accounts) → T1565.002 (Transmitted Data Manipulation) | D2: Брокерът приема publish от всеки клиент с валидни данни, без ACL по тема и без ограничение на източника | E2: Нападател с откраднати данни на устройство публикува команди към светофарите | F2: TLS на порт 8883 (MQTTS) | G2: 4 | H2: 5 | I2: =IF(OR(G2="",H2=""),"",G2*H2) -> 20 | J2: =IF(I2="","",IF(I2<=4,"нисък",IF(I2<=9,"умерен",IF(I2<=15,"висок","критичен")))) -> критичен | K2: =IF(I2="","",IF(I2<='Скали'!$B$1,"да","не")) -> не | L2: намаляване | M2: Системен администратор | N2: — | O2: — | P2: 2 | Q2: 4 | R2: =IF(OR(P2="",Q2=""),"",P2*Q2) -> 8 | S2: artefakti/h07-keycloak/ ◄ ПРИМЕР — критичен → намаляване
A3: R-02 | B3: A-06 (IoT VLAN трафик светофари) | C3: Компрометирано IoT устройство T1021 (Remote Services) → T1570 (Lateral Tool Transfer) | D3: Липса на изолация между Lights, Traffic и Bins | E3: Хакнат сензор на контейнер достига VLAN-а на светофарите и променя режима им | F3: Отделен VLAN за всеки тип устройство | G3: 3 | H3: 5 | I3: =IF(OR(G3="",H3=""),"",G3*H3) -> 15 | J3: =IF(I3="","",IF(I3<=4,"нисък",IF(I3<=9,"умерен",IF(I3<=15,"висок","критичен")))) -> висок | K3: =IF(I3="","",IF(I3<='Скали'!$B$1,"да","не")) -> не | L3: намаляване | M3: Системен администратор | P3: 2 | Q3: 2 | R3: =IF(OR(P3="",Q3=""),"",P3*Q3) -> 4 | S3: ◄ ПРИМЕР — нисък → приемане
A4: R-03 | B4: A-08 (IoT устройства) | C4: Външен нападател T1078.001 (Default Accounts) → T1584 (Compromise Infrastructure) | D4: Устройствата ползват фабрични или общи данни за вход | E4: Нападател влиза с фабрични данни в много устройства едновременно и ги пренасочва | F4: няма | G4: 4 | H4: 4 | I4: =IF(OR(G4="",H4=""),"",G4*H4) -> 16 | J4: =IF(I4="","",IF(I4<=4,"нисък",IF(I4<=9,"умерен",IF(I4<=15,"висок","критичен")))) -> критичен | K4: =IF(I4="","",IF(I4<='Скали'!$B$1,"да","не")) -> не | L4: намаляване | M4: Ръководител ИТ | R4: =IF(OR(P4="",Q4=""),"",P4*Q4)
A5: R-04 | B5: A-05 (IoT VLAN осветление) | C5: Компрометирано устройство T1071.001 (Web Protocols) → T1105 (Ingress Tool Transfer) | D5: IoT устройствата могат да достигат интернет | E5: Заразено устройство се свързва към C2 сървър в интернет и участва в ботнет | F5: няма | G5: 4 | H5: 3 | I5: =IF(OR(G5="",H5=""),"",G5*H5) -> 12 | J5: =IF(I5="","",IF(I5<=4,"нисък",IF(I5<=9,"умерен",IF(I5<=15,"висок","критичен")))) -> висок | K5: =IF(I5="","",IF(I5<='Скали'!$B$1,"да","не")) -> не | L5: намаляване | M5: Системен администратор | R5: =IF(OR(P5="",Q5=""),"",P5*Q5)
A6: R-05 | B6: A-02 (публичен dashboard) | C6: Външен нападател T1190 (Exploit Public-Facing Application) | D6: Dashboard-ът е достъпен от интернет на порт 443 без филтриране на заявките | E6: Нападател експлоатира уязвимост в публичното табло и подменя показваното съдържание | F6: TLS на порт 443 | G6: 4 | H6: 3 | I6: =IF(OR(G6="",H6=""),"",G6*H6) -> 12 | J6: =IF(I6="","",IF(I6<=4,"нисък",IF(I6<=9,"умерен",IF(I6<=15,"висок","критичен")))) -> висок | K6: =IF(I6="","",IF(I6<='Скали'!$B$1,"да","не")) -> не | L6: намаляване | M6: Системен администратор | R6: =IF(OR(P6="",Q6=""),"",P6*Q6)
A7: R-06 | B7: A-02 (публичен dashboard) | C7: Външен нападател T1498 (Network Denial of Service) | D7: Публичен достъп без ограничение на скоростта на заявките | E7: Претоварване на публичното табло прави данните недостъпни за граждани, управлението остава работещо | F7: няма | G7: 3 | H7: 2 | I7: =IF(OR(G7="",H7=""),"",G7*H7) -> 6 | J7: =IF(I7="","",IF(I7<=4,"нисък",IF(I7<=9,"умерен",IF(I7<=15,"висок","критичен")))) -> умерен | K7: =IF(I7="","",IF(I7<='Скали'!$B$1,"да","не")) -> да | L7: приемане | M7: Ръководител ИТ | R7: =IF(OR(P7="",Q7=""),"",P7*Q7)
A8: R-07 | B8: A-03 (управленски dashboard) | C8: Външен нападател T1110 (Brute Force) → T1078 (Valid Accounts) | D8: Вход на оператор само с парола, без втори фактор | E8: Нападател налучква парола на оператор и изпраща конфигурационни команди | F8: няма | G8: 3 | H8: 4 | I8: =IF(OR(G8="",H8=""),"",G8*H8) -> 12 | J8: =IF(I8="","",IF(I8<=4,"нисък",IF(I8<=9,"умерен",IF(I8<=15,"висок","критичен")))) -> висок | K8: =IF(I8="","",IF(I8<='Скали'!$B$1,"да","не")) -> не | L8: намаляване | M8: Ръководител ИТ | R8: =IF(OR(P8="",Q8=""),"",P8*Q8)
A9: R-08 | B9: A-09 (Keycloak) | C9: Отказ на услугата T1499 (Endpoint Denial of Service) | D9: Единична инстанция на услугата за идентичност | E9: Спиране на Keycloak не позволява вход на операторите за няколко часа | F9: няма | G9: 2 | H9: 3 | I9: =IF(OR(G9="",H9=""),"",G9*H9) -> 6 | J9: =IF(I9="","",IF(I9<=4,"нисък",IF(I9<=9,"умерен",IF(I9<=15,"висок","критичен")))) -> умерен | K9: =IF(I9="","",IF(I9<='Скали'!$B$1,"да","не")) -> да | L9: приемане | M9: Системен администратор | R9: =IF(OR(P9="",Q9=""),"",P9*Q9)
A10: R-09 | B10: A-10 (Wazuh) | C10: Нападател T1562.001 (Disable or Modify Tools) → T1070 (Indicator Removal) | D10: Логовете на gw и брокера стоят само локално | E10: Нападател изтрива логовете и инцидентът не може да се докаже пред надзорния орган | F10: няма | G10: 3 | H10: 4 | I10: =IF(OR(G10="",H10=""),"",G10*H10) -> 12 | J10: =IF(I10="","",IF(I10<=4,"нисък",IF(I10<=9,"умерен",IF(I10<=15,"висок","критичен")))) -> висок | K10: =IF(I10="","",IF(I10<='Скали'!$B$1,"да","не")) -> не | L10: намаляване | M10: Системен администратор | R10: =IF(OR(P10="",Q10=""),"",P10*Q10)
A11: R-10 | B11: A-11 (команди и настройки) | C11: Нападател по пътя T1557 (Adversary-in-the-Middle) → T1565.002 (Transmitted Data Manipulation) | D11: Устройствата не проверяват сертификата на брокера | E11: Нападател подменя брокера и подава фалшиви команди на устройства | F11: TLS на порт 8883 (MQTTS) | G11: 2 | H11: 5 | I11: =IF(OR(G11="",H11=""),"",G11*H11) -> 10 | J11: =IF(I11="","",IF(I11<=4,"нисък",IF(I11<=9,"умерен",IF(I11<=15,"висок","критичен")))) -> висок | K11: =IF(I11="","",IF(I11<='Скали'!$B$1,"да","не")) -> не | L11: намаляване | M11: Ръководител ИТ | R11: =IF(OR(P11="",Q11=""),"",P11*Q11)
A12: R-11 | B12: A-13 (TLS сертификати и ключове) | C12: Нападател T1552.004 (Private Keys) | D12: Частният ключ е в обикновен файл без ротация | E12: Изтичане на ключа позволява подмяна на брокера; изтекъл сертификат спира публичното табло | F12: TLS сертификати | G12: 2 | H12: 4 | I12: =IF(OR(G12="",H12=""),"",G12*H12) -> 8 | J12: =IF(I12="","",IF(I12<=4,"нисък",IF(I12<=9,"умерен",IF(I12<=15,"висок","критичен")))) -> умерен | K12: =IF(I12="","",IF(I12<='Скали'!$B$1,"да","не")) -> да | L12: приемане | M12: Системен администратор | R12: =IF(OR(P12="",Q12=""),"",P12*Q12)
A13: R-12 | B13: A-14 (общински оператор) | C13: Нападател T1566 (Phishing) → T1078 (Valid Accounts) | D13: Операторите не са обучени да разпознават фишинг | E13: Оператор в Ямбол въвежда данните си във фалшива страница и нападателят изпраща команди | F13: няма | G13: 4 | H13: 3 | I13: =IF(OR(G13="",H13=""),"",G13*H13) -> 12 | J13: =IF(I13="","",IF(I13<=4,"нисък",IF(I13<=9,"умерен",IF(I13<=15,"висок","критичен")))) -> висок | K13: =IF(I13="","",IF(I13<='Скали'!$B$1,"да","не")) -> не | L13: намаляване | M13: Управител | R13: =IF(OR(P13="",Q13=""),"",P13*Q13)
A14: R-13 | B14: A-15 (сървърно помещение Ямбол) | C14: Прекъсване T1489 (Service Stop) от физическа причина (ток, пожар) | D14: Централата в Ямбол е единична точка на отказ | E14: Пожар или спиране на тока в Ямбол спира управлението на трите общини | F14: няма | G14: 3 | H14: 4 | I14: =IF(OR(G14="",H14=""),"",G14*H14) -> 12 | J14: =IF(I14="","",IF(I14<=4,"нисък",IF(I14<=9,"умерен",IF(I14<=15,"висок","критичен")))) -> висок | K14: =IF(I14="","",IF(I14<='Скали'!$B$1,"да","не")) -> не | L14: прехвърляне | M14: Управител | R14: =IF(OR(P14="",Q14=""),"",P14*Q14)
A15: R-14 | B15: A-16 (резервни копия) | C15: Нападател T1486 (Data Encrypted for Impact) | D15: Копията са на същия хост, без офлайн екземпляр | E15: Криптиране на хоста унищожава и копията на конфигурацията | F15: няма | G15: 3 | H15: 3 | I15: =IF(OR(G15="",H15=""),"",G15*H15) -> 9 | J15: =IF(I15="","",IF(I15<=4,"нисък",IF(I15<=9,"умерен",IF(I15<=15,"висок","критичен")))) -> умерен | K15: =IF(I15="","",IF(I15<='Скали'!$B$1,"да","не")) -> да | L15: приемане | M15: Системен администратор | R15: =IF(OR(P15="",Q15=""),"",P15*Q15)
R16: =IF(OR(P16="",Q16=""),"",P16*Q16)
I17: =IF(OR(G17="",H17=""),"",G17*H17) | J17: =IF(I17="","",IF(I17<=4,"нисък",IF(I17<=9,"умерен",IF(I17<=15,"висок","критичен")))) | K17: =IF(I17="","",IF(I17<='Скали'!$B$1,"да","не")) | R17: =IF(OR(P17="",Q17=""),"",P17*Q17)
I18: =IF(OR(G18="",H18=""),"",G18*H18) | J18: =IF(I18="","",IF(I18<=4,"нисък",IF(I18<=9,"умерен",IF(I18<=15,"висок","критичен")))) | K18: =IF(I18="","",IF(I18<='Скали'!$B$1,"да","не")) | R18: =IF(OR(P18="",Q18=""),"",P18*Q18)
I19: =IF(OR(G19="",H19=""),"",G19*H19) | J19: =IF(I19="","",IF(I19<=4,"нисък",IF(I19<=9,"умерен",IF(I19<=15,"висок","критичен")))) | K19: =IF(I19="","",IF(I19<='Скали'!$B$1,"да","не")) | R19: =IF(OR(P19="",Q19=""),"",P19*Q19)
I20: =IF(OR(G20="",H20=""),"",G20*H20) | J20: =IF(I20="","",IF(I20<=4,"нисък",IF(I20<=9,"умерен",IF(I20<=15,"висок","критичен")))) | K20: =IF(I20="","",IF(I20<='Скали'!$B$1,"да","не")) | R20: =IF(OR(P20="",Q20=""),"",P20*Q20)
I21: =IF(OR(G21="",H21=""),"",G21*H21) | J21: =IF(I21="","",IF(I21<=4,"нисък",IF(I21<=9,"умерен",IF(I21<=15,"висок","критичен")))) | K21: =IF(I21="","",IF(I21<='Скали'!$B$1,"да","не")) | R21: =IF(OR(P21="",Q21=""),"",P21*Q21)
I22: =IF(OR(G22="",H22=""),"",G22*H22) | J22: =IF(I22="","",IF(I22<=4,"нисък",IF(I22<=9,"умерен",IF(I22<=15,"висок","критичен")))) | K22: =IF(I22="","",IF(I22<='Скали'!$B$1,"да","не")) | R22: =IF(OR(P22="",Q22=""),"",P22*Q22)
I23: =IF(OR(G23="",H23=""),"",G23*H23) | J23: =IF(I23="","",IF(I23<=4,"нисък",IF(I23<=9,"умерен",IF(I23<=15,"висок","критичен")))) | K23: =IF(I23="","",IF(I23<='Скали'!$B$1,"да","не")) | R23: =IF(OR(P23="",Q23=""),"",P23*Q23)
I24: =IF(OR(G24="",H24=""),"",G24*H24) | J24: =IF(I24="","",IF(I24<=4,"нисък",IF(I24<=9,"умерен",IF(I24<=15,"висок","критичен")))) | K24: =IF(I24="","",IF(I24<='Скали'!$B$1,"да","не")) | R24: =IF(OR(P24="",Q24=""),"",P24*Q24)
I25: =IF(OR(G25="",H25=""),"",G25*H25) | J25: =IF(I25="","",IF(I25<=4,"нисък",IF(I25<=9,"умерен",IF(I25<=15,"висок","критичен")))) | K25: =IF(I25="","",IF(I25<='Скали'!$B$1,"да","не")) | R25: =IF(OR(P25="",Q25=""),"",P25*Q25)
I26: =IF(OR(G26="",H26=""),"",G26*H26) | J26: =IF(I26="","",IF(I26<=4,"нисък",IF(I26<=9,"умерен",IF(I26<=15,"висок","критичен")))) | K26: =IF(I26="","",IF(I26<='Скали'!$B$1,"да","не")) | R26: =IF(OR(P26="",Q26=""),"",P26*Q26)
I27: =IF(OR(G27="",H27=""),"",G27*H27) | J27: =IF(I27="","",IF(I27<=4,"нисък",IF(I27<=9,"умерен",IF(I27<=15,"висок","критичен")))) | K27: =IF(I27="","",IF(I27<='Скали'!$B$1,"да","не")) | R27: =IF(OR(P27="",Q27=""),"",P27*Q27)
I28: =IF(OR(G28="",H28=""),"",G28*H28) | J28: =IF(I28="","",IF(I28<=4,"нисък",IF(I28<=9,"умерен",IF(I28<=15,"висок","критичен")))) | K28: =IF(I28="","",IF(I28<='Скали'!$B$1,"да","не")) | R28: =IF(OR(P28="",Q28=""),"",P28*Q28)
... I210: =IF(OR(G210="",H210=""),"",G210*H210) | J210: =IF(I210="","",IF(I210<=4,"нисък",IF(I210<=9,"умерен",IF(I210<=15,"висок","критичен")))) | K210: =IF(I210="","",IF(I210<='Скали'!$B$1,"да","не")) | R210: =IF(OR(P210="",Q210=""),"",P210*Q210)

Sheet План за третиране
A1: R-ID | B1: A-ID (актив) | C1: Кратко описание на риска | D1: Първонач. риск | E1: Вариант за третиране | F1: Планиран контрол | G1: Annex A код | H1: Отговорник (длъжност) | I1: Срок | J1: Час от курса | K1: Статус | L1: Остат. В | M1: Остат. Въ | N1: Остат. риск | O1: Доказателство / артефакт
A2: R-01 | B2: A-01 | C2: Подменени команди към светофари през чужд или откраднат достъп до брокера | D2: {=IFERROR(INDEX('Регистър на риска'!$I:$I,MATCH(A2,'Регистър на риска'!$A:$A,0)),"")} -> 20 | E2: намаляване | F2: nftables: publish към IoT само от 10.240.0.0/24; ACL по тема в Mosquitto; отделни данни за всяко устройство | G2: A.8.20, A.8.22, A.5.15 | H2: =VLOOKUP(A2, 'Регистър на риска'!$A$1:$S$16, 13, FALSE) -> Системен администратор | L2: 2 | M2: 4 | N2: =IF(OR(L2="",M2=""),"",L2*M2) -> 8 | O2: artefakti/h07-keycloak/ ◄ ПРИМЕР
A3: R-02 | B3: A-06 | C3: Преминаване между IoT VLAN-ите от компрометирано устройство | D3: {=IFERROR(INDEX('Регистър на риска'!$I:$I,MATCH(A3,'Регистър на риска'!$A:$A,0)),"")} -> 15 | E3: намаляване | F3: nftables: DROP между Lights, Traffic и Bins | G3: A.8.22, A.8.20 | H3: =VLOOKUP(A3, 'Регистър на риска'!$A$1:$S$16, 13, FALSE) -> Системен администратор | L3: 2 | M3: 2 | N3: =IF(OR(L3="",M3=""),"",L3*M3) -> 4 | O3: ◄ ПРИМЕР — под апетита, приема се
A4: R-03 | B4: A-08 | C4: Масов вход във фабрично конфигурирани IoT устройства | D4: {=IFERROR(INDEX('Регистър на риска'!$I:$I,MATCH(A4,'Регистър на риска'!$A:$A,0)),"")} -> 16 | E4: намаляване | F4: Уникални идентичности на устройствата, смяна на фабричните данни | G4: A.8.5, A.8.9 | H4: =VLOOKUP(A4, 'Регистър на риска'!$A$1:$S$16, 13, FALSE) -> Ръководител ИТ | N4: =IF(OR(L4="",M4=""),"",L4*M4)
A5: R-04 | B5: A-05 | C5: IoT устройство се свързва към C2 в интернет | D5: {=IFERROR(INDEX('Регистър на риска'!$I:$I,MATCH(A5,'Регистър на риска'!$A:$A,0)),"")} -> 12 | E5: намаляване | F5: nftables: DROP на трафика от IoT VLAN-ите към интернет | G5: A.8.20, A.8.23 | H5: =VLOOKUP(A5, 'Регистър на риска'!$A$1:$S$16, 13, FALSE) -> Системен администратор | N5: =IF(OR(L5="",M5=""),"",L5*M5)
A6: R-05 | B6: A-02 | C6: Експлоатация на публичния dashboard | D6: {=IFERROR(INDEX('Регистър на риска'!$I:$I,MATCH(A6,'Регистър на риска'!$A:$A,0)),"")} -> 12 | E6: намаляване | F6: Прокси/WAF пред публичния dashboard и ограничение на скоростта | G6: A.8.26, A.8.20 | H6: =VLOOKUP(A6, 'Регистър на риска'!$A$1:$S$16, 13, FALSE) -> Системен администратор | N6: =IF(OR(L6="",M6=""),"",L6*M6)
A7: R-06 | B7: A-02 | C7: Претоварване на публичния dashboard | D7: {=IFERROR(INDEX('Регистър на риска'!$I:$I,MATCH(A7,'Регистър на риска'!$A:$A,0)),"")} -> 6 | E7: приемане | F7: — | G7: — | H7: =VLOOKUP(A7, 'Регистър на риска'!$A$1:$S$16, 13, FALSE) -> Ръководител ИТ | N7: =IF(OR(L7="",M7=""),"",L7*M7)
A8: R-07 | B8: A-03 | C8: Налучкване на парола на оператор без втори фактор | D8: {=IFERROR(INDEX('Регистър на риска'!$I:$I,MATCH(A8,'Регистър на риска'!$A:$A,0)),"")} -> 12 | E8: намаляване | F8: MFA в Keycloak и oauth2-proxy пред управленския dashboard | G8: A.8.5, A.5.15 | H8: =VLOOKUP(A8, 'Регистър на риска'!$A$1:$S$16, 13, FALSE) -> Ръководител ИТ | N8: =IF(OR(L8="",M8=""),"",L8*M8)
A9: R-08 | B9: A-09 | C9: Спиране на Keycloak и невъзможен вход | D9: {=IFERROR(INDEX('Регистър на риска'!$I:$I,MATCH(A9,'Регистър на риска'!$A:$A,0)),"")} -> 6 | E9: приемане | F9: — | G9: — | H9: =VLOOKUP(A9, 'Регистър на риска'!$A$1:$S$16, 13, FALSE) -> Системен администратор | N9: =IF(OR(L9="",M9=""),"",L9*M9)
A10: R-09 | B10: A-10 | C10: Изтриване на логове без централно копие | D10: {=IFERROR(INDEX('Регистър на риска'!$I:$I,MATCH(A10,'Регистър на риска'!$A:$A,0)),"")} -> 12 | E10: намаляване | F10: Агенти на Wazuh на gw и брокера, централно съхранение на логове | G10: A.8.15, A.8.16 | H10: =VLOOKUP(A10, 'Регистър на риска'!$A$1:$S$16, 13, FALSE) -> Системен администратор | N10: =IF(OR(L10="",M10=""),"",L10*M10)
A11: R-10 | B11: A-11 | C11: Подмяна на брокера и фалшиви команди | D11: {=IFERROR(INDEX('Регистър на риска'!$I:$I,MATCH(A11,'Регистър на риска'!$A:$A,0)),"")} -> 10 | E11: намаляване | F11: Проверка на сертификата на брокера от устройствата (TLS), по възможност mTLS | G11: A.8.24, A.8.20 | H11: =VLOOKUP(A11, 'Регистър на риска'!$A$1:$S$16, 13, FALSE) -> Ръководител ИТ | N11: =IF(OR(L11="",M11=""),"",L11*M11)
A12: R-11 | B12: A-13 | C12: Изтичане на ключ или на срока на сертификат | D12: {=IFERROR(INDEX('Регистър на риска'!$I:$I,MATCH(A12,'Регистър на риска'!$A:$A,0)),"")} -> 8 | E12: приемане | F12: — | G12: — | H12: =VLOOKUP(A12, 'Регистър на риска'!$A$1:$S$16, 13, FALSE) -> Системен администратор | N12: =IF(OR(L12="",M12=""),"",L12*M12)
A13: R-12 | B13: A-14 | C13: Фишинг срещу общински оператор | D13: {=IFERROR(INDEX('Регистър на риска'!$I:$I,MATCH(A13,'Регистър на риска'!$A:$A,0)),"")} -> 12 | E13: намаляване | F13: MFA за операторите и обучение за фишинг | G13: A.6.3, A.8.5 | H13: =VLOOKUP(A13, 'Регистър на риска'!$A$1:$S$16, 13, FALSE) -> Управител | N13: =IF(OR(L13="",M13=""),"",L13*M13)
A14: R-13 | B14: A-15 | C14: Спиране на централата в Ямбол | D14: {=IFERROR(INDEX('Регистър на риска'!$I:$I,MATCH(A14,'Регистър на риска'!$A:$A,0)),"")} -> 12 | E14: прехвърляне | F14: SLA с доставчик на свързаност и застраховка; остава непрехвърлен рискът за услугата | G14: A.7.5, A.5.30, A.5.20 | H14: =VLOOKUP(A14, 'Регистър на риска'!$A$1:$S$16, 13, FALSE) -> Управител | N14: =IF(OR(L14="",M14=""),"",L14*M14)
A15: R-14 | B15: A-16 | C15: Унищожаване на копията заедно с хоста | D15: {=IFERROR(INDEX('Регистър на риска'!$I:$I,MATCH(A15,'Регистър на риска'!$A:$A,0)),"")} -> 9 | E15: приемане | F15: — | G15: — | H15: =VLOOKUP(A15, 'Регистър на риска'!$A$1:$S$16, 13, FALSE) -> Системен администратор | N15: =IF(OR(L15="",M15=""),"",L15*M15)
D16: {=IFERROR(INDEX('Регистър на риска'!$I:$I,MATCH(A16,'Регистър на риска'!$A:$A,0)),"")} | N16: =IF(OR(L16="",M16=""),"",L16*M16)
D17: {=IFERROR(INDEX('Регистър на риска'!$I:$I,MATCH(A17,'Регистър на риска'!$A:$A,0)),"")} | N17: =IF(OR(L17="",M17=""),"",L17*M17)
D18: {=IFERROR(INDEX('Регистър на риска'!$I:$I,MATCH(A18,'Регистър на риска'!$A:$A,0)),"")} | N18: =IF(OR(L18="",M18=""),"",L18*M18)
D19: {=IFERROR(INDEX('Регистър на риска'!$I:$I,MATCH(A19,'Регистър на риска'!$A:$A,0)),"")} | N19: =IF(OR(L19="",M19=""),"",L19*M19)
D20: {=IFERROR(INDEX('Регистър на риска'!$I:$I,MATCH(A20,'Регистър на риска'!$A:$A,0)),"")} | N20: =IF(OR(L20="",M20=""),"",L20*M20)
D21: {=IFERROR(INDEX('Регистър на риска'!$I:$I,MATCH(A21,'Регистър на риска'!$A:$A,0)),"")} | N21: =IF(OR(L21="",M21=""),"",L21*M21)
D22: {=IFERROR(INDEX('Регистър на риска'!$I:$I,MATCH(A22,'Регистър на риска'!$A:$A,0)),"")} | N22: =IF(OR(L22="",M22=""),"",L22*M22)
D23: {=IFERROR(INDEX('Регистър на риска'!$I:$I,MATCH(A23,'Регистър на риска'!$A:$A,0)),"")} | N23: =IF(OR(L23="",M23=""),"",L23*M23)
D24: {=IFERROR(INDEX('Регистър на риска'!$I:$I,MATCH(A24,'Регистър на риска'!$A:$A,0)),"")} | N24: =IF(OR(L24="",M24=""),"",L24*M24)
D25: {=IFERROR(INDEX('Регистър на риска'!$I:$I,MATCH(A25,'Регистър на риска'!$A:$A,0)),"")} | N25: =IF(OR(L25="",M25=""),"",L25*M25)
D26: {=IFERROR(INDEX('Регистър на риска'!$I:$I,MATCH(A26,'Регистър на риска'!$A:$A,0)),"")} | N26: =IF(OR(L26="",M26=""),"",L26*M26)
D27: {=IFERROR(INDEX('Регистър на риска'!$I:$I,MATCH(A27,'Регистър на риска'!$A:$A,0)),"")} | N27: =IF(OR(L27="",M27=""),"",L27*M27)
... D210: {=IFERROR(INDEX('Регистър на риска'!$I:$I,MATCH(A210,'Регистър на риска'!$A:$A,0)),"")} | N210: =IF(OR(L210="",M210=""),"",L210*M210)
